Feature,permutation_importance
cp_type,0.0028554631729235114
cp_time,0.00109179474258847
cp_dose,-0.0007978500041991854
g-0,0.00020996052742083826
g-1,0.00012597631645250296
g-2,0.00012597631645250296
g-3,0.00020996052742083826
g-4,8.39842109683353e-05
g-5,0.00020996052742083826
g-6,0.00029394473838917357
g-7,0.00012597631645250296
g-8,0.00029394473838917357
g-9,0.0001679684219366706
g-10,8.39842109683353e-05
g-11,0.00012597631645250296
g-12,0.0001679684219366706
g-13,0.0002519526329050059
g-14,-0.00020996052742083826
g-15,0.00029394473838917357
g-16,-0.0001679684219366706
g-17,0.0005458973712941795
g-18,8.39842109683353e-05
g-19,0.0001679684219366706
g-20,0.0004619131603258442
g-21,0.0
g-22,0.0003359368438733412
g-23,0.0001679684219366706
g-24,0.0001679684219366706
g-25,0.0001679684219366706
g-26,0.00012597631645250296
g-27,0.0005458973712941795
g-28,0.0006298815822625148
g-29,0.00029394473838917357
g-30,0.0001679684219366706
g-31,4.199210548416765e-05
g-32,0.0001679684219366706
g-33,0.00012597631645250296
g-34,0.0004619131603258442
g-35,0.0
g-36,0.0004199210548416765
g-37,-4.199210548416765e-05
g-38,0.00020996052742083826
g-39,0.00029394473838917357
g-40,0.00020996052742083826
g-41,0.00037792894935750887
g-42,0.0001679684219366706
g-43,0.00020996052742083826
g-44,-4.199210548416765e-05
g-45,0.00012597631645250296
g-46,-4.199210548416765e-05
g-47,8.39842109683353e-05
g-48,0.0004199210548416765
g-49,0.0003359368438733412
g-50,0.0002519526329050059
g-51,0.0004199210548416765
g-52,0.0
g-53,0.0002519526329050059
g-54,8.39842109683353e-05
g-55,0.0003359368438733412
g-56,-4.199210548416765e-05
g-57,0.0001679684219366706
g-58,0.0007138657932308501
g-59,0.00012597631645250296
g-60,0.0003359368438733412
g-61,0.0003359368438733412
g-62,0.0002519526329050059
g-63,0.00029394473838917357
g-64,0.00020996052742083826
g-65,0.00109179474258847
g-66,0.00020996052742083826
g-67,4.199210548416765e-05
g-68,0.00037792894935750887
g-69,0.0005458973712941795
g-70,4.199210548416765e-05
g-71,0.0001679684219366706
g-72,0.0002519526329050059
g-73,0.00029394473838917357
g-74,0.0001679684219366706
g-75,0.0008818342151676317
g-76,0.00012597631645250296
g-77,0.0
g-78,0.0001679684219366706
g-79,0.0004619131603258442
g-80,0.00020996052742083826
g-81,0.00029394473838917357
g-82,0.0003359368438733412
g-83,8.39842109683353e-05
g-84,0.0001679684219366706
g-85,0.0005458973712941795
g-86,0.0002519526329050059
g-87,0.0001679684219366706
g-88,0.00029394473838917357
g-89,0.00012597631645250296
g-90,0.0007138657932308501
g-91,0.0001679684219366706
g-92,0.00037792894935750887
g-93,4.199210548416765e-05
g-94,0.00012597631645250296
g-95,0.0004199210548416765
g-96,0.0004619131603258442
g-97,-8.39842109683353e-05
g-98,0.00037792894935750887
g-99,0.0
g-100,0.004325186864869379
g-101,8.39842109683353e-05
g-102,0.0003359368438733412
g-103,0.0004199210548416765
g-104,4.199210548416765e-05
g-105,0.00037792894935750887
g-106,0.0002519526329050059
g-107,0.0005458973712941795
g-108,0.00020996052742083826
g-109,4.199210548416765e-05
g-110,0.0004619131603258442
g-111,0.00012597631645250296
g-112,0.00020996052742083826
g-113,0.0005878894767783471
g-114,0.0003359368438733412
g-115,0.00037792894935750887
g-116,0.0002519526329050059
g-117,0.0007138657932308501
g-118,0.00012597631645250296
g-119,-0.00020996052742083826
g-120,0.0002519526329050059
g-121,0.0005458973712941795
g-122,0.0001679684219366706
g-123,0.0004199210548416765
g-124,8.39842109683353e-05
g-125,0.0005878894767783471
g-126,0.00012597631645250296
g-127,0.00037792894935750887
g-128,0.0005039052658100118
g-129,0.0001679684219366706
g-130,0.0001679684219366706
g-131,0.0004199210548416765
g-132,0.0003359368438733412
g-133,0.0004199210548416765
g-134,0.00037792894935750887
g-135,0.0003359368438733412
g-136,0.00012597631645250296
g-137,-0.00012597631645250296
g-138,0.0003359368438733412
g-139,0.00012597631645250296
g-140,4.199210548416765e-05
g-141,0.0002519526329050059
g-142,0.0
g-143,0.0001679684219366706
g-144,0.00020996052742083826
g-145,0.0001679684219366706
g-146,0.0005039052658100118
g-147,0.00020996052742083826
g-148,0.0005458973712941795
g-149,0.00012597631645250296
g-150,0.00029394473838917357
g-151,-8.39842109683353e-05
g-152,8.39842109683353e-05
g-153,0.0001679684219366706
g-154,-4.199210548416765e-05
g-155,0.0002519526329050059
g-156,0.0002519526329050059
g-157,0.0021415973796926613
g-158,0.001217771059040973
g-159,4.199210548416765e-05
g-160,0.00020996052742083826
g-161,4.199210548416765e-05
g-162,0.0003359368438733412
g-163,8.39842109683353e-05
g-164,8.39842109683353e-05
g-165,4.199210548416765e-05
g-166,0.0002519526329050059
g-167,0.0003359368438733412
g-168,0.0
g-169,0.0001679684219366706
g-170,0.00029394473838917357
g-171,0.00020996052742083826
g-172,4.199210548416765e-05
g-173,0.0001679684219366706
g-174,0.0002519526329050059
g-175,0.0006298815822625148
g-176,0.0
g-177,4.199210548416765e-05
g-178,0.0023515579071134995
g-179,0.0001679684219366706
g-180,0.0002519526329050059
g-181,8.39842109683353e-05
g-182,4.199210548416765e-05
g-183,0.00029394473838917357
g-184,4.199210548416765e-05
g-185,0.00029394473838917357
g-186,0.0002519526329050059
g-187,0.0
g-188,-4.199210548416765e-05
g-189,0.0
g-190,0.0002519526329050059
g-191,0.0004619131603258442
g-192,0.0002519526329050059
g-193,0.0001679684219366706
g-194,0.00020996052742083826
g-195,0.00037792894935750887
g-196,-0.00012597631645250296
g-197,8.39842109683353e-05
g-198,0.0
g-199,0.00029394473838917357
g-200,0.00012597631645250296
g-201,0.0006298815822625148
g-202,0.0015117157974301465
g-203,0.0001679684219366706
g-204,-4.199210548416765e-05
g-205,8.39842109683353e-05
g-206,4.199210548416765e-05
g-207,0.0001679684219366706
g-208,0.0001679684219366706
g-209,0.0002519526329050059
g-210,0.0002519526329050059
g-211,0.0001679684219366706
g-212,8.39842109683353e-05
g-213,0.0
g-214,-4.199210548416765e-05
g-215,0.00012597631645250296
g-216,0.0003359368438733412
g-217,-8.39842109683353e-05
g-218,0.00020996052742083826
g-219,8.39842109683353e-05
g-220,-0.0001679684219366706
g-221,0.0003359368438733412
g-222,4.199210548416765e-05
g-223,0.0
g-224,0.00020996052742083826
g-225,0.0001679684219366706
g-226,0.00012597631645250296
g-227,0.00029394473838917357
g-228,8.39842109683353e-05
g-229,0.0005039052658100118
g-230,8.39842109683353e-05
g-231,0.0009238263206517994
g-232,-4.199210548416765e-05
g-233,0.0003359368438733412
g-234,0.0
g-235,0.0006718736877466824
g-236,-0.00020996052742083826
g-237,8.39842109683353e-05
g-238,0.00029394473838917357
g-239,0.00037792894935750887
g-240,0.0
g-241,0.0
g-242,0.0001679684219366706
g-243,0.00029394473838917357
g-244,0.0004199210548416765
g-245,0.0003359368438733412
g-246,-8.39842109683353e-05
g-247,-0.0001679684219366706
g-248,0.0006298815822625148
g-249,0.00037792894935750887
g-250,0.00012597631645250296
g-251,0.00020996052742083826
g-252,-8.39842109683353e-05
g-253,0.00029394473838917357
g-254,0.0004619131603258442
g-255,0.00029394473838917357
g-256,0.0001679684219366706
g-257,4.199210548416765e-05
g-258,-0.0002519526329050059
g-259,-8.39842109683353e-05
g-260,8.39842109683353e-05
g-261,-0.00012597631645250296
g-262,0.0001679684219366706
g-263,-4.199210548416765e-05
g-264,0.00029394473838917357
g-265,0.00012597631645250296
g-266,-4.199210548416765e-05
g-267,0.0
g-268,0.0002519526329050059
g-269,0.0003359368438733412
g-270,0.0003359368438733412
g-271,0.00029394473838917357
g-272,-0.00012597631645250296
g-273,0.00012597631645250296
g-274,0.0001679684219366706
g-275,8.39842109683353e-05
g-276,0.0001679684219366706
g-277,0.0004199210548416765
g-278,8.39842109683353e-05
g-279,0.0004619131603258442
g-280,4.199210548416765e-05
g-281,-0.00012597631645250296
g-282,0.00020996052742083826
g-283,0.0001679684219366706
g-284,0.00012597631645250296
g-285,0.00029394473838917357
g-286,-0.0002519526329050059
g-287,0.0
g-288,0.00029394473838917357
g-289,0.0003359368438733412
g-290,0.00012597631645250296
g-291,0.0005458973712941795
g-292,0.0005878894767783471
g-293,0.0005039052658100118
g-294,0.0004199210548416765
g-295,0.0004199210548416765
g-296,0.00012597631645250296
g-297,-4.199210548416765e-05
g-298,0.0002519526329050059
g-299,0.00020996052742083826
g-300,0.0001679684219366706
g-301,0.0004199210548416765
g-302,-4.199210548416765e-05
g-303,0.00020996052742083826
g-304,0.00029394473838917357
g-305,8.39842109683353e-05
g-306,0.00020996052742083826
g-307,0.0
g-308,4.199210548416765e-05
g-309,8.39842109683353e-05
g-310,0.00012597631645250296
g-311,0.00029394473838917357
g-312,0.0004199210548416765
g-313,0.0001679684219366706
g-314,8.39842109683353e-05
g-315,0.00020996052742083826
g-316,0.00012597631645250296
g-317,0.0002519526329050059
g-318,-4.199210548416765e-05
g-319,0.00020996052742083826
g-320,0.0002519526329050059
g-321,0.0006298815822625148
g-322,8.39842109683353e-05
g-323,0.0001679684219366706
g-324,0.0001679684219366706
g-325,0.0004199210548416765
g-326,8.39842109683353e-05
g-327,0.0002519526329050059
g-328,0.00037792894935750887
g-329,0.00012597631645250296
g-330,0.0001679684219366706
g-331,-8.39842109683353e-05
g-332,0.00029394473838917357
g-333,0.0001679684219366706
g-334,0.00029394473838917357
g-335,4.199210548416765e-05
g-336,-0.00020996052742083826
g-337,0.0
g-338,0.00012597631645250296
g-339,0.00020996052742083826
g-340,0.00029394473838917357
g-341,0.0001679684219366706
g-342,0.0001679684219366706
g-343,0.00020996052742083826
g-344,0.0003359368438733412
g-345,0.0
g-346,0.0002519526329050059
g-347,0.00029394473838917357
g-348,0.00020996052742083826
g-349,0.0001679684219366706
g-350,0.00020996052742083826
g-351,0.00012597631645250296
g-352,8.39842109683353e-05
g-353,0.0007138657932308501
g-354,-0.0002519526329050059
g-355,4.199210548416765e-05
g-356,0.00012597631645250296
g-357,4.199210548416765e-05
g-358,0.00012597631645250296
g-359,4.199210548416765e-05
g-360,-0.0001679684219366706
g-361,4.199210548416765e-05
g-362,8.39842109683353e-05
g-363,0.0005039052658100118
g-364,0.0005039052658100118
g-365,0.00029394473838917357
g-366,8.39842109683353e-05
g-367,0.0004199210548416765
g-368,0.0
g-369,0.0002519526329050059
g-370,-0.0001679684219366706
g-371,0.00020996052742083826
g-372,0.00012597631645250296
g-373,0.00012597631645250296
g-374,-8.39842109683353e-05
g-375,0.00037792894935750887
g-376,-8.39842109683353e-05
g-377,0.0002519526329050059
g-378,-4.199210548416765e-05
g-379,0.00020996052742083826
g-380,0.0
g-381,8.39842109683353e-05
g-382,0.00020996052742083826
g-383,0.0004199210548416765
g-384,8.39842109683353e-05
g-385,0.00020996052742083826
g-386,8.39842109683353e-05
g-387,0.0003359368438733412
g-388,8.39842109683353e-05
g-389,-0.00012597631645250296
g-390,0.0002519526329050059
g-391,0.00029394473838917357
g-392,0.0014697236919459788
g-393,-0.0001679684219366706
g-394,0.0001679684219366706
g-395,0.00029394473838917357
g-396,4.199210548416765e-05
g-397,0.0006718736877466824
g-398,0.00020996052742083826
g-399,0.0
g-400,0.0001679684219366706
g-401,0.0004199210548416765
g-402,0.0002519526329050059
g-403,0.0
g-404,0.0002519526329050059
g-405,-0.00012597631645250296
g-406,-0.00020996052742083826
g-407,-0.0001679684219366706
g-408,0.0002519526329050059
g-409,8.39842109683353e-05
g-410,8.39842109683353e-05
g-411,0.0007558578987150177
g-412,4.199210548416765e-05
g-413,8.39842109683353e-05
g-414,0.0002519526329050059
g-415,0.0001679684219366706
g-416,0.0004199210548416765
g-417,0.00037792894935750887
g-418,0.0007138657932308501
g-419,-0.0001679684219366706
g-420,0.00029394473838917357
g-421,0.0
g-422,0.0002519526329050059
g-423,0.00012597631645250296
g-424,0.00029394473838917357
g-425,0.00029394473838917357
g-426,0.0004199210548416765
g-427,0.00020996052742083826
g-428,0.0002519526329050059
g-429,0.0003359368438733412
g-430,0.00012597631645250296
g-431,0.0004199210548416765
g-432,-0.00012597631645250296
g-433,0.0003359368438733412
g-434,8.39842109683353e-05
g-435,0.00037792894935750887
g-436,4.199210548416765e-05
g-437,8.39842109683353e-05
g-438,0.00012597631645250296
g-439,8.39842109683353e-05
g-440,4.199210548416765e-05
g-441,0.0005039052658100118
g-442,0.00012597631645250296
g-443,0.0005458973712941795
g-444,0.00029394473838917357
g-445,0.00037792894935750887
g-446,0.00020996052742083826
g-447,0.0004619131603258442
g-448,-4.199210548416765e-05
g-449,-0.00012597631645250296
g-450,-0.00020996052742083826
g-451,4.199210548416765e-05
g-452,4.199210548416765e-05
g-453,0.0004199210548416765
g-454,0.0002519526329050059
g-455,0.0
g-456,0.0003359368438733412
g-457,0.0001679684219366706
g-458,0.0001679684219366706
g-459,0.0002519526329050059
g-460,0.0005039052658100118
g-461,0.00012597631645250296
g-462,0.00029394473838917357
g-463,4.199210548416765e-05
g-464,0.0006718736877466824
g-465,0.00020996052742083826
g-466,0.0001679684219366706
g-467,4.199210548416765e-05
g-468,0.00037792894935750887
g-469,0.0003359368438733412
g-470,0.00012597631645250296
g-471,8.39842109683353e-05
g-472,0.0003359368438733412
g-473,-4.199210548416765e-05
g-474,4.199210548416765e-05
g-475,0.00029394473838917357
g-476,0.0004199210548416765
g-477,-4.199210548416765e-05
g-478,0.00012597631645250296
g-479,0.0003359368438733412
g-480,0.0005039052658100118
g-481,0.00020996052742083826
g-482,0.00012597631645250296
g-483,0.00012597631645250296
g-484,-4.199210548416765e-05
g-485,0.0002519526329050059
g-486,0.00020996052742083826
g-487,0.00020996052742083826
g-488,0.00020996052742083826
g-489,0.0004619131603258442
g-490,0.0002519526329050059
g-491,0.0001679684219366706
g-492,0.0002519526329050059
g-493,0.0008818342151676317
g-494,0.00037792894935750887
g-495,0.00020996052742083826
g-496,0.0004199210548416765
g-497,0.0001679684219366706
g-498,0.0004199210548416765
g-499,0.0003359368438733412
g-500,0.0007138657932308501
g-501,4.199210548416765e-05
g-502,-0.00012597631645250296
g-503,8.39842109683353e-05
g-504,0.0005458973712941795
g-505,0.00020996052742083826
g-506,8.39842109683353e-05
g-507,0.00020996052742083826
g-508,0.00012597631645250296
g-509,0.0004619131603258442
g-510,8.39842109683353e-05
g-511,8.39842109683353e-05
g-512,0.00029394473838917357
g-513,0.0
g-514,-4.199210548416765e-05
g-515,-8.39842109683353e-05
g-516,0.0006298815822625148
g-517,8.39842109683353e-05
g-518,-8.39842109683353e-05
g-519,0.00037792894935750887
g-520,4.199210548416765e-05
g-521,0.0005458973712941795
g-522,0.0003359368438733412
g-523,0.0
g-524,0.0002519526329050059
g-525,0.0001679684219366706
g-526,0.00012597631645250296
g-527,0.0002519526329050059
g-528,0.0003359368438733412
g-529,0.00020996052742083826
g-530,0.00037792894935750887
g-531,0.0005039052658100118
g-532,0.00029394473838917357
g-533,0.00037792894935750887
g-534,0.0
g-535,0.0002519526329050059
g-536,0.00012597631645250296
g-537,8.39842109683353e-05
g-538,-0.00012597631645250296
g-539,-0.0001679684219366706
g-540,0.0002519526329050059
g-541,-0.0003359368438733412
g-542,8.39842109683353e-05
g-543,0.00020996052742083826
g-544,0.00037792894935750887
g-545,0.0
g-546,0.0003359368438733412
g-547,0.00012597631645250296
g-548,0.0001679684219366706
g-549,0.00037792894935750887
g-550,-0.00012597631645250296
g-551,4.199210548416765e-05
g-552,0.00012597631645250296
g-553,0.00012597631645250296
g-554,-8.39842109683353e-05
g-555,-0.0001679684219366706
g-556,8.39842109683353e-05
g-557,0.00012597631645250296
g-558,0.00029394473838917357
g-559,0.0001679684219366706
g-560,0.0001679684219366706
g-561,0.0001679684219366706
g-562,0.0002519526329050059
g-563,0.0002519526329050059
g-564,0.0002519526329050059
g-565,0.00012597631645250296
g-566,0.0001679684219366706
g-567,0.0002519526329050059
g-568,0.0002519526329050059
g-569,0.0001679684219366706
g-570,0.000839842109683353
g-571,0.0004199210548416765
g-572,0.00020996052742083826
g-573,8.39842109683353e-05
g-574,4.199210548416765e-05
g-575,0.00037792894935750887
g-576,-0.0001679684219366706
g-577,-4.199210548416765e-05
g-578,0.00037792894935750887
g-579,0.0003359368438733412
g-580,0.0
g-581,0.00012597631645250296
g-582,8.39842109683353e-05
g-583,0.00020996052742083826
g-584,0.00012597631645250296
g-585,0.0001679684219366706
g-586,0.0
g-587,0.0001679684219366706
g-588,0.0004199210548416765
g-589,0.00029394473838917357
g-590,-0.0001679684219366706
g-591,0.00020996052742083826
g-592,0.0001679684219366706
g-593,4.199210548416765e-05
g-594,0.0001679684219366706
g-595,0.00020996052742083826
g-596,0.0004619131603258442
g-597,0.00037792894935750887
g-598,0.0005458973712941795
g-599,0.0004619131603258442
g-600,0.0004199210548416765
g-601,4.199210548416765e-05
g-602,0.00020996052742083826
g-603,0.0002519526329050059
g-604,0.00012597631645250296
g-605,-8.39842109683353e-05
g-606,0.0
g-607,-4.199210548416765e-05
g-608,0.0001679684219366706
g-609,0.00029394473838917357
g-610,8.39842109683353e-05
g-611,8.39842109683353e-05
g-612,4.199210548416765e-05
g-613,-4.199210548416765e-05
g-614,-0.00020996052742083826
g-615,8.39842109683353e-05
g-616,0.00012597631645250296
g-617,0.0005458973712941795
g-618,-4.199210548416765e-05
g-619,0.00012597631645250296
g-620,0.00037792894935750887
g-621,0.0003359368438733412
g-622,8.39842109683353e-05
g-623,0.0004619131603258442
g-624,0.00020996052742083826
g-625,0.0
g-626,0.00012597631645250296
g-627,0.00029394473838917357
g-628,0.0006298815822625148
g-629,8.39842109683353e-05
g-630,8.39842109683353e-05
g-631,0.00012597631645250296
g-632,-0.0001679684219366706
g-633,0.00012597631645250296
g-634,0.00012597631645250296
g-635,0.00020996052742083826
g-636,0.00020996052742083826
g-637,0.0001679684219366706
g-638,0.0001679684219366706
g-639,0.0006298815822625148
g-640,0.0005039052658100118
g-641,0.0
g-642,4.199210548416765e-05
g-643,0.00012597631645250296
g-644,0.0006298815822625148
g-645,0.00012597631645250296
g-646,0.0
g-647,0.0003359368438733412
g-648,0.0001679684219366706
g-649,0.0
g-650,4.199210548416765e-05
g-651,0.00020996052742083826
g-652,0.0004619131603258442
g-653,0.00012597631645250296
g-654,0.0
g-655,0.00020996052742083826
g-656,0.0002519526329050059
g-657,4.199210548416765e-05
g-658,0.00012597631645250296
g-659,0.0001679684219366706
g-660,0.00012597631645250296
g-661,0.00020996052742083826
g-662,0.0002519526329050059
g-663,0.00012597631645250296
g-664,0.0001679684219366706
g-665,0.0002519526329050059
g-666,0.00012597631645250296
g-667,0.00012597631645250296
g-668,0.00037792894935750887
g-669,0.0003359368438733412
g-670,0.0004199210548416765
g-671,0.0002519526329050059
g-672,0.0005039052658100118
g-673,0.0001679684219366706
g-674,0.00029394473838917357
g-675,4.199210548416765e-05
g-676,0.00029394473838917357
g-677,0.00020996052742083826
g-678,0.0007138657932308501
g-679,0.00029394473838917357
g-680,-0.00012597631645250296
g-681,4.199210548416765e-05
g-682,0.00012597631645250296
g-683,8.39842109683353e-05
g-684,-0.00037792894935750887
g-685,0.00012597631645250296
g-686,0.0002519526329050059
g-687,0.0
g-688,0.0002519526329050059
g-689,0.0002519526329050059
g-690,-0.00012597631645250296
g-691,0.0002519526329050059
g-692,4.199210548416765e-05
g-693,4.199210548416765e-05
g-694,0.00020996052742083826
g-695,0.00037792894935750887
g-696,8.39842109683353e-05
g-697,-4.199210548416765e-05
g-698,-8.39842109683353e-05
g-699,0.00029394473838917357
g-700,-4.199210548416765e-05
g-701,0.00020996052742083826
g-702,8.39842109683353e-05
g-703,0.0004199210548416765
g-704,4.199210548416765e-05
g-705,0.0001679684219366706
g-706,4.199210548416765e-05
g-707,0.0001679684219366706
g-708,0.00037792894935750887
g-709,-8.39842109683353e-05
g-710,0.0002519526329050059
g-711,0.0001679684219366706
g-712,0.00012597631645250296
g-713,4.199210548416765e-05
g-714,0.00029394473838917357
g-715,0.00012597631645250296
g-716,-4.199210548416765e-05
g-717,0.00029394473838917357
g-718,0.0002519526329050059
g-719,8.39842109683353e-05
g-720,4.199210548416765e-05
g-721,4.199210548416765e-05
g-722,-4.199210548416765e-05
g-723,0.0
g-724,0.000965818426135967
g-725,0.0002519526329050059
g-726,0.00029394473838917357
g-727,0.00037792894935750887
g-728,0.00012597631645250296
g-729,4.199210548416765e-05
g-730,0.0
g-731,0.0006298815822625148
g-732,0.0001679684219366706
g-733,0.0001679684219366706
g-734,0.00037792894935750887
g-735,8.39842109683353e-05
g-736,-8.39842109683353e-05
g-737,4.199210548416765e-05
g-738,0.00037792894935750887
g-739,0.00020996052742083826
g-740,0.0001679684219366706
g-741,0.0003359368438733412
g-742,0.00029394473838917357
g-743,0.00037792894935750887
g-744,0.0005878894767783471
g-745,0.0004619131603258442
g-746,8.39842109683353e-05
g-747,0.0
g-748,0.00020996052742083826
g-749,0.0002519526329050059
g-750,8.39842109683353e-05
g-751,0.0001679684219366706
g-752,8.39842109683353e-05
g-753,0.0002519526329050059
g-754,0.00020996052742083826
g-755,4.199210548416765e-05
g-756,4.199210548416765e-05
g-757,0.0004199210548416765
g-758,0.0003359368438733412
g-759,0.0006718736877466824
g-760,0.0001679684219366706
g-761,0.00029394473838917357
g-762,8.39842109683353e-05
g-763,0.0005878894767783471
g-764,0.00029394473838917357
g-765,0.0001679684219366706
g-766,0.00020996052742083826
g-767,0.00037792894935750887
g-768,0.00020996052742083826
g-769,-0.0001679684219366706
g-770,0.00029394473838917357
g-771,-8.39842109683353e-05
c-0,-8.39842109683353e-05
c-1,0.0002519526329050059
c-2,0.0005039052658100118
c-3,0.00012597631645250296
c-4,-4.199210548416765e-05
c-5,0.0005878894767783471
c-6,0.000839842109683353
c-7,0.0003359368438733412
c-8,0.00020996052742083826
c-9,0.0006298815822625148
c-10,0.000839842109683353
c-11,0.0004619131603258442
c-12,0.0010498026371043023
c-13,8.39842109683353e-05
c-14,-0.0002519526329050059
c-15,0.0004199210548416765
c-16,-0.00020996052742083826
c-17,0.00037792894935750887
c-18,4.199210548416765e-05
c-19,0.0007978500041991854
c-20,0.0
c-21,0.00012597631645250296
c-22,0.000965818426135967
c-23,4.199210548416765e-05
c-24,0.0004199210548416765
c-25,8.39842109683353e-05
c-26,0.0003359368438733412
c-27,0.0006298815822625148
c-28,0.0004619131603258442
c-29,0.0002519526329050059
c-30,0.0005458973712941795
c-31,0.0
c-32,0.00029394473838917357
c-33,0.0006298815822625148
c-34,0.0004199210548416765
c-35,0.0001679684219366706
c-36,0.0003359368438733412
c-37,8.39842109683353e-05
c-38,0.0004199210548416765
c-39,0.0007138657932308501
c-40,0.00020996052742083826
c-41,0.0004199210548416765
c-42,0.0005039052658100118
c-43,0.0004199210548416765
c-44,0.0003359368438733412
c-45,-0.0002519526329050059
c-46,-0.0001679684219366706
c-47,0.0007978500041991854
c-48,0.0009238263206517994
c-49,0.0007138657932308501
c-50,0.0001679684219366706
c-51,0.0003359368438733412
c-52,0.0004199210548416765
c-53,0.00012597631645250296
c-54,0.0003359368438733412
c-55,0.00012597631645250296
c-56,4.199210548416765e-05
c-57,0.00029394473838917357
c-58,0.0002519526329050059
c-59,0.0006718736877466824
c-60,0.0005878894767783471
c-61,0.0004619131603258442
c-62,0.00012597631645250296
c-63,0.0007978500041991854
c-64,0.0007138657932308501
c-65,0.02049214747627448
c-66,0.00037792894935750887
c-67,0.0007558578987150177
c-68,-0.0001679684219366706
c-69,0.00012597631645250296
c-70,0.0005039052658100118
c-71,0.0002519526329050059
c-72,0.0001679684219366706
c-73,0.0004619131603258442
c-74,0.00012597631645250296
c-75,0.0004199210548416765
c-76,0.0004199210548416765
c-77,0.00020996052742083826
c-78,0.0002519526329050059
c-79,0.0007558578987150177
c-80,0.00029394473838917357
c-81,0.00029394473838917357
c-82,0.0004199210548416765
c-83,0.0004619131603258442
c-84,0.0007978500041991854
c-85,0.0003359368438733412
c-86,0.0001679684219366706
c-87,0.0007138657932308501
c-88,0.00020996052742083826
c-89,0.0002519526329050059
c-90,-4.199210548416765e-05
c-91,-0.00037792894935750887
c-92,-0.0001679684219366706
c-93,0.0013017552700093082
c-94,0.0005878894767783471
c-95,0.00020996052742083826
c-96,0.0002519526329050059
c-97,0.0001679684219366706
c-98,0.007600571092634567
c-99,0.0003359368438733412
